"root_ca","total_certs","risky_certs","risk_percent",tier,zscore
"/C=US/ST=Arizona/L=Scottsdale/O=GoDaddy.com, Inc./CN=Go Daddy Root Certificate Authority - G2",10288790,3495095,"33.97",tier4,"3.341"
"/C=US/ST=New Jersey/L=Jersey City/O=The USERTRUST Network/CN=USERTrust RSA Certification Authority",65198821,16528521,"25.35",tier4,"2.310"
"/C=GB/ST=Greater Manchester/L=Salford/O=Comodo CA Limited/CN=AAA Certificate Services",1429856,283522,"19.83",tier4,"1.650"
"/C=PL/O=Unizeto Technologies S.A./OU=Certum Certification Authority/CN=Certum Trusted Network CA",2423281,382727,"15.79",tier4,"1.17"
"/C=US/O=Internet Security Research Group/CN=ISRG Root X1",861665191,125180925,"14.53",tier4,"1.02"
"/C=GB/ST=Greater Manchester/L=Salford/O=COMODO CA Limited/CN=COMODO RSA Certification Authority",93476404,13359082,"14.29",tier4,"0.987"
"/C=NO/O=Buypass AS-983163327/CN=Buypass Class 2 Root CA",168955,20584,"12.18",tier4,"0.735"
"/C=US/ST=Texas/L=Houston/O=SSL Corporation/CN=SSL.com Root Certification Authority RSA",260983,26830,"10.28",tier4,"0.507"
"/C=BE/O=GlobalSign nv-sa/OU=Root CA/CN=GlobalSign Root CA",39008432,3804666,"9.75",tier4,"0.444"
"/C=US/O=DigiCert Inc/OU=www.digicert.com/CN=DigiCert Global Root CA",80480701,6290176,"7.82",tier4,"0.213"
"/C=US/ST=New Jersey/L=Jersey City/O=The USERTRUST Network/CN=USERTrust ECC Certification Authority",12865594,989458,"7.69",tier4,"0.198"
"/C=US/ST=Arizona/L=Scottsdale/O=Starfield Technologies, Inc./CN=Starfield Root Certificate Authority - G2",1733430,120647,"6.96",tier4,"0.11"
"/O=Digital Signature Trust Co./CN=DST Root CA X3",757966004,35051200,"4.62",tier4,"-0.170"
"/C=JP/O=SECOM Trust Systems CO.,LTD./OU=Security Communication RootCA2",480965,21366,"4.44",tier4,"-0.191"
"/C=US/O=GTE Corporation/OU=GTE CyberTrust Solutions, Inc./CN=GTE CyberTrust Global Root",550676,17631,"3.20",tier4,"-0.340"
"/C=US/O=Amazon/CN=Amazon Root CA 1",40908370,1014645,"2.48",tier4,"-0.426"
"/C=IE/O=Baltimore/OU=CyberTrust/CN=Baltimore CyberTrust Root",149183381,3595497,"2.41",tier4,"-0.434"
"/C=US/O=DigiCert Inc/OU=www.digicert.com/CN=DigiCert Global Root G2",27664638,507246,"1.83",tier4,"-0.503"
"/C=GB/ST=Greater Manchester/L=Salford/O=COMODO CA Limited/CN=COMODO ECC Certification Authority",12940927,60687,"0.47",tier4,"-0.666"
"/C=BM/O=QuoVadis Limited/CN=QuoVadis Root CA 2 G3",260288,769,"0.30",tier4,"-0.687"
"/C=DE/O=T-Systems Enterprise Services GmbH/OU=T-Systems Trust Center/CN=T-TeleSec GlobalRoot Class 2",296824,884,"0.30",tier4,"-0.687"
"/OU=GlobalSign Root CA - R3/O=GlobalSign/CN=GlobalSign",4665284,12805,"0.27",tier4,"-0.690"
"/C=US/O=Entrust, Inc./OU=See www.entrust.net\/legal-terms/OU=(c) 2009 Entrust, Inc. - for authorized use only/CN=Entrust Root Certification Authority - G2",2339445,4742,"0.20",tier4,"-0.698"
"/C=US/O=DigiCert Inc/OU=www.digicert.com/CN=DigiCert High Assurance EV Root CA",10092368,14167,"0.14",tier4,"-0.706"
"/C=US/O=DigiCert Inc/OU=www.digicert.com/CN=DigiCert Assured ID Root CA",147982,137,"0.09",tier4,"-0.712"
"/OU=GlobalSign Root CA - R2/O=GlobalSign/CN=GlobalSign",7688491,3624,"0.05",tier4,"-0.716"
"/C=BM/O=QuoVadis Limited/CN=QuoVadis Root CA 2",1338331,241,"0.02",tier4,"-0.720"
"/C=GB/ST=London/O=Google UK Ltd./OU=Certificate Transparency/CN=Merge Delay Monitor Root",417196,"0.0","0.0",tier4,"-0.72"
"/CN=ct-woodpecker CA51b4a4",173774,"0.0","0.0",tier4,"-0.72"
"/C=IT/L=Milan/O=Actalis S.p.A.\/03358520967/CN=Actalis Authentication Root CA",2829160,389,"0.01",tier4,"-0.721"
"/C=US/ST=UT/L=Salt Lake City/O=The USERTRUST Network/OU=http:\/\/www.usertrust.com/CN=UTN - DATACorp SGC",267319,17,"0.01",tier4,"-0.721"
"/C=US/O=Google Trust Services LLC/CN=GTS Root R4",187987,9,"0.00",tier4,"-0.722"
"/C=US/O=IdenTrust/CN=IdenTrust Commercial Root CA 1",3443366,98,"0.00",tier4,"-0.722"
"/C=TR/L=Ankara/O=E-Tu\xC4\x9Fra EBG Bili\xC5\x9Fim Teknolojileri ve Hizmetleri A.\xC5\x9E./OU=E-Tugra Sertifikasyon Merkezi/CN=E-Tugra Certification Authority",49565,9596,"19.36",tier3,"4.505"
"/C=PA/ST=Panama/L=Panama City/O=TrustCor Systems S. de R.L./OU=TrustCor Certificate Authority/CN=TrustCor RootCert CA-1",20339,1329,"6.53",tier3,"1.20"
"/C=CN/O=WoSign CA Limited/CN=CA \xE6\xB2\x83\xE9\x80\x9A\xE6\xA0\xB9\xE8\xAF\x81\xE4\xB9\xA6",22697,1472,"6.49",tier3,"1.18"
"/C=CN/O=WoSign CA Limited/CN=Certification Authority of WoSign",33401,1972,"5.90",tier3,"1.03"
"/C=SE/O=AddTrust AB/OU=AddTrust External TTP Network/CN=AddTrust External CA Root",72380,2387,"3.30",tier3,"0.362"
"/C=IL/O=StartCom Ltd./OU=Secure Digital Certificate Signing/CN=StartCom Certification Authority",97433,3147,"3.23",tier3,"0.344"
"/C=HU/L=Budapest/O=NetLock Kft./OU=Tan\xC3\xBAs\xC3\xADtv\xC3\xA1nykiad\xC3\xB3k (Certification Services)/CN=NetLock Arany (Class Gold) F\xC5\x91tan\xC3\xBAs\xC3\xADtv\xC3\xA1ny",12955,208,"1.61",tier3,"-0.074"
"/C=US/O=GeoTrust Inc./CN=GeoTrust Global CA",73174,1022,"1.40",tier3,"-0.13"
"/O=TeliaSonera/CN=TeliaSonera Root CA v1",35826,436,"1.22",tier3,"-0.17"
"/C=US/O=SecureTrust Corporation/CN=SecureTrust CA",52535,542,"1.03",tier3,"-0.22"
"/C=US/O=VeriSign, Inc./OU=VeriSign Trust Network/OU=(c) 2008 VeriSign, Inc. - For authorized use only/CN=VeriSign Universal Root Certification Authority",14643,106,"0.72",tier3,"-0.304"
"/C=CH/O=SwissSign AG/CN=SwissSign Gold CA - G2",54251,373,"0.69",tier3,"-0.311"
"/C=NL/O=Staat der Nederlanden/CN=Staat der Nederlanden EV Root CA",31538,211,"0.67",tier3,"-0.317"
"/C=FR/O=Dhimyotis/CN=Certigna",21894,108,"0.49",tier3,"-0.363"
"/C=CH/O=SwissSign AG/CN=SwissSign Silver CA - G2",18538,80,"0.43",tier3,"-0.379"
"/C=TW/O=Chunghwa Telecom Co., Ltd./OU=ePKI Root Certification Authority",32787,124,"0.38",tier3,"-0.391"
"/C=US/O=thawte, Inc./OU=Certification Services Division/OU=(c) 2006 thawte, Inc. - For authorized use only/CN=thawte Primary Root CA",14106,31,"0.22",tier3,"-0.433"
"/O=Cybertrust, Inc/CN=Cybertrust Global Root",16681,33,"0.20",tier3,"-0.438"
"/C=DE/O=D-Trust GmbH/CN=D-TRUST Root Class 3 CA 2 2009",37580,68,"0.18",tier3,"-0.443"
"/C=US/O=VeriSign, Inc./OU=VeriSign Trust Network/OU=(c) 2006 VeriSign, Inc. - For authorized use only/CN=VeriSign Class 3 Public Primary Certification Authority - G5",52692,92,"0.17",tier3,"-0.446"
"/C=US/O=AffirmTrust/CN=AffirmTrust Commercial",32274,45,"0.14",tier3,"-0.453"
"/OU=GlobalSign ECC Root CA - R5/O=GlobalSign/CN=GlobalSign",22425,32,"0.14",tier3,"-0.453"
"/C=NL/O=Staat der Nederlanden/CN=Staat der Nederlanden Root CA - G3",52625,66,"0.13",tier3,"-0.456"
"/C=TW/O=TAIWAN-CA/OU=Root CA/CN=TWCA Global Root CA",87628,108,"0.12",tier3,"-0.459"
"/C=HU/L=Budapest/O=Microsec Ltd./CN=Microsec e-Szigno Root CA 2009/emailAddress=info@e-szigno.hu",14838,17,"0.11",tier3,"-0.461"
"/C=US/O=DigiCert Inc/OU=www.digicert.com/CN=DigiCert Global Root G3",41408,39,"0.09",tier3,"-0.466"
"/O=Entrust.net/OU=www.entrust.net\/CPS_2048 incorp. by ref. (limits liab.)/OU=(c) 1999 Entrust.net Limited/CN=Entrust.net Certification Authority (2048)",20403,10,"0.05",tier3,"-0.477"
"/C=TW/O=TAIWAN-CA/OU=Root CA/CN=TWCA Root Certification Authority",67282,16,"0.02",tier3,"-0.484"
"/C=US/O=VeriSign, Inc./OU=VeriSign Trust Network/OU=(c) 1999 VeriSign, Inc. - For authorized use only/CN=VeriSign Class 3 Public Primary Certification Authority - G3",31195,"0.0","0.0",tier3,"-0.49"
"/C=IN/OU=emSign PKI/O=eMudhra Technologies Limited/CN=emSign Root CA - G1",1932,553,"28.62",tier2,"5.410"
"/C=US/O=Google Trust Services LLC/CN=GTS Root R1",5215,1101,"21.11",tier2,"3.909"
"/C=US/ST=Texas/L=Houston/O=SSL Corporation/CN=SSL.com Root Certification Authority ECC",1346,182,"13.52",tier2,"2.391"
"/C=CN/O=GUANG DONG CERTIFICATE AUTHORITY CO.,LTD./CN=GDCA TrustAUTH R5 ROOT",4009,163,"4.07",tier2,"0.502"
"/C=US/O=The Go Daddy Group, Inc./OU=Go Daddy Class 2 Certification Authority",1854,43,"2.32",tier2,"0.15"
"/C=CN/O=UniTrust/CN=UCA Global G2 Root",2822,61,"2.16",tier2,"0.12"
"/C=US/ST=Arizona/L=Scottsdale/O=Starfield Technologies, Inc./CN=Starfield Services Root Certificate Authority - G2",1209,21,"1.74",tier2,"0.036"
"/C=CN/O=China Financial Certification Authority/CN=CFCA EV ROOT",7606,85,"1.12",tier2,"-0.088"
"/C=HK/O=Hongkong Post/CN=Hongkong Post Root CA 1",6164,66,"1.07",tier2,"-0.098"
"/C=DE/O=D-Trust GmbH/CN=D-TRUST Root Class 3 CA 2 EV 2009",3073,30,"0.98",tier2,"-0.12"
"/C=DE/O=T-Systems Enterprise Services GmbH/OU=T-Systems Trust Center/CN=T-TeleSec GlobalRoot Class 3",1673,16,"0.96",tier2,"-0.12"
"/C=RO/O=certSIGN/OU=certSIGN ROOT CA",3292,23,"0.70",tier2,"-0.17"
"/C=US/O=Network Solutions L.L.C./CN=Network Solutions Certificate Authority",2133,15,"0.70",tier2,"-0.17"
"/C=NO/O=Buypass AS-983163327/CN=Buypass Class 3 Root CA",4780,27,"0.56",tier2,"-0.200"
"/C=US/O=GeoTrust Inc./CN=GeoTrust Primary Certification Authority",3621,20,"0.55",tier2,"-0.202"
"/C=IL/O=StartCom Ltd./CN=StartCom Certification Authority G2",3535,19,"0.54",tier2,"-0.204"
"/C=CH/O=WISeKey/OU=OISTE Foundation Endorsed/CN=OISTE WISeKey Global Root GB CA",2840,15,"0.53",tier2,"-0.206"
"/C=GR/L=Athens/O=Hellenic Academic and Research Institutions Cert. Authority/CN=Hellenic Academic and Research Institutions RootCA 2015",4506,24,"0.53",tier2,"-0.206"
"/C=EU/L=Madrid (see current address at www.camerfirma.com\/address)/serialNumber=A82743287/O=AC Camerfirma S.A./CN=Global Chambersign Root - 2008",2213,10,"0.45",tier2,"-0.222"
"/C=ES/CN=Autoridad de Certificacion Firmaprofesional CIF A62634068",4367,17,"0.39",tier2,"-0.234"
"/C=BR/O=ICP-Brasil/OU=Instituto Nacional de Tecnologia da Informacao - ITI/CN=Autoridade Certificadora Raiz Brasileira v10",2765,10,"0.36",tier2,"-0.240"
"/C=KR/O=Government of Korea/OU=GPKI/CN=GPKIRootCA1",7106,21,"0.30",tier2,"-0.252"
"/C=GB/ST=Greater Manchester/L=Salford/O=COMODO CA Limited/CN=COMODO Certification Authority",2081,6,"0.29",tier2,"-0.254"
"/C=JP/O=SECOM Trust.net/OU=Security Communication RootCA1",1070,3,"0.28",tier2,"-0.256"
"/C=US/O=GeoTrust Inc./OU=(c) 2008 GeoTrust Inc. - For authorized use only/CN=GeoTrust Primary Certification Authority - G3",9106,20,"0.22",tier2,"-0.268"
"/C=ES/O=IZENPE S.A./CN=Izenpe.com",1546,3,"0.19",tier2,"-0.274"
"/C=ES/O=FNMT-RCM/OU=AC RAIZ FNMT-RCM",3319,6,"0.18",tier2,"-0.276"
"/CN=Atos TrustedRoot 2011/O=Atos/C=DE",5885,10,"0.17",tier2,"-0.278"
"/C=US/O=DigiCert Inc/OU=www.digicert.com/CN=DigiCert Trusted Root G4",1362,2,"0.15",tier2,"-0.282"
"/C=US/O=Entrust, Inc./OU=See www.entrust.net\/legal-terms/OU=(c) 2012 Entrust, Inc. - for authorized use only/CN=Entrust Root Certification Authority - EC1",7333,11,"0.15",tier2,"-0.282"
"/C=EU/L=Madrid (see current address at www.camerfirma.com\/address)/serialNumber=A82743287/O=AC Camerfirma S.A./CN=Chambers of Commerce Root - 2008",4570,6,"0.13",tier2,"-0.286"
"/C=GR/O=Hellenic Academic and Research Institutions Cert. Authority/CN=Hellenic Academic and Research Institutions RootCA 2011",1891,2,"0.11",tier2,"-0.290"
"/C=PL/O=Krajowa Izba Rozliczeniowa S.A./CN=SZAFIR ROOT CA2",1005,1,"0.10",tier2,"-0.292"
"/C=BR/O=ICP-Brasil/OU=Instituto Nacional de Tecnologia da Informacao - ITI/CN=Autoridade Certificadora Raiz Brasileira v2",5559,5,"0.09",tier2,"-0.294"
"/C=FI/ST=Finland/O=Vaestorekisterikeskus CA/OU=Certification Authority Services/OU=Varmennepalvelut/CN=VRK Gov. Root CA",3238,3,"0.09",tier2,"-0.294"
"/C=SK/L=Bratislava/O=Disig a.s./CN=CA Disig Root R2",1123,1,"0.09",tier2,"-0.294"
"/C=US/O=thawte, Inc./OU=Certification Services Division/OU=(c) 2008 thawte, Inc. - For authorized use only/CN=thawte Primary Root CA - G3",6012,4,"0.07",tier2,"-0.298"
"/C=FI/O=Digi- ja vaestotietovirasto CA/OU=Certification Authority Services/OU=Varmennepalvelut/CN=DVV Gov. Root CA - G3 RSA",1745,1,"0.06",tier2,"-0.300"
"/C=CZ/organizationIdentifier=NTRCZ-47114983/O=\xC4\x8Cesk\xC3\xA1 po\xC5\xA1ta, s.p./CN=PostSignum Root QCA 4",1907,1,"0.05",tier2,"-0.302"
"/C=DE/O=Deutsche Telekom AG/OU=T-TeleSec Trust Center/CN=Deutsche Telekom Root CA 2",3768,2,"0.05",tier2,"-0.302"
"/C=ES/O=Agencia Catalana de Certificacio (NIF Q-0801176-I)/OU=Serveis Publics de Certificacio/OU=Vegeu https:\/\/www.catcert.net\/verarrel (c)03/OU=Jerarquia Entitats de Certificacio Catalanes/CN=EC-ACC",2735,1,"0.04",tier2,"-0.304"
"/C=NL/O=Staat der Nederlanden/CN=Staat der Nederlanden Root CA - G2",8197,2,"0.02",tier2,"-0.308"
"/C=TW/O=Government Root Certification Authority",8850,2,"0.02",tier2,"-0.308"
"/CN=ACCVRAIZ1/OU=PKIACCV/O=ACCV/C=ES",6845,1,"0.01",tier2,"-0.310"
"/C=ES/O=FNMT-RCM/OU=Ceres/organizationIdentifier=VATES-Q2826004J/CN=AC RAIZ FNMT-RCM SERVIDORES SEGUROS",1084,"0.0","0.0",tier2,"-0.31"
"/C=FR/O=Certinomis/OU=0002 433998903/CN=Certinomis - Root CA",1044,"0.0","0.0",tier2,"-0.31"
"/C=HU/L=Budapest/O=Microsec Ltd./organizationIdentifier=VATHU-23584497/CN=e-Szigno Root CA 2017",5830,"0.0","0.0",tier2,"-0.31"
"/C=HU/L=Budapest/O=NISZ Nemzeti Infokommunik\xC3\xA1ci\xC3\xB3s Szolg\xC3\xA1ltat\xC3\xB3 Zrt./CN=F\xC5\x91tan\xC3\xBAs\xC3\xADtv\xC3\xA1nykiad\xC3\xB3 - Korm\xC3\xA1nyzati Hiteles\xC3\xADt\xC3\xA9s Szolg\xC3\xA1ltat\xC3\xB3",6491,"0.0","0.0",tier2,"-0.31"
"/C=SE/O=Inera AB/CN=SITHS Root CA v1",4153,"0.0","0.0",tier2,"-0.31"
"/C=TW/O=Chunghwa Telecom Co., Ltd./CN=HiPKI Root CA - G1",1145,"0.0","0.0",tier2,"-0.31"
"/C=US/O=Apple Inc./OU=Apple Certification Authority/CN=Apple Root CA",1059,"0.0","0.0",tier2,"-0.31"
"/C=US/O=Microsoft Corporation/CN=Microsoft RSA Root Certificate Authority 2017",1142,"0.0","0.0",tier2,"-0.31"
"/C=US/O=U.S. Government/OU=FPKI/CN=Federal Common Policy CA",1039,"0.0","0.0",tier2,"-0.31"
"/C=US/ST=MN/L=Minneapolis/O=Open Access Technology International Inc/CN=OATI WebCARES Root CA",4334,"0.0","0.0",tier2,"-0.31"
"/O=Cisco Systems/CN=Cisco Root CA 2048",4711,"0.0","0.0",tier2,"-0.31"
"/C=US/O=Internet Security Research Group/CN=ISRG Root X2",2,1,"50.00",tier1,"18.66"
"/C=US/ST=Texas/L=Houston/O=SSL Corporation/CN=SSL.com EV Root Certification Authority RSA R2",125,10,"8.00",tier1,"2.90"
"/CN=ComSign Secured CA/O=ComSign/C=IL",14,1,"7.14",tier1,"2.58"
"/C=IN/O=India PKI/CN=CCA India 2015 SPL",216,13,"6.02",tier1,"2.16"
"/C=PL/O=Unizeto Sp. z o.o./CN=Certum CA",171,8,"4.68",tier1,"1.66"
"/C=US/O=VeriSign, Inc./OU=VeriSign Trust Network/OU=(c) 2007 VeriSign, Inc. - For authorized use only/CN=VeriSign Class 3 Public Primary Certification Authority - G4",58,2,"3.45",tier1,"1.20"
"/C=FR/O=Certplus/CN=Class 1 Primary CA",92,3,"3.26",tier1,"1.13"
"/C=US/O=Equifax/OU=Equifax Secure Certificate Authority",493,12,"2.43",tier1,"0.815"
"/C=US/O=GeoTrust Inc./OU=(c) 2007 GeoTrust Inc. - For authorized use only/CN=GeoTrust Primary Certification Authority - G2",277,5,"1.81",tier1,"0.582"
"/C=GR/L=Athens/O=Hellenic Academic and Research Institutions Cert. Authority/CN=Hellenic Academic and Research Institutions ECC RootCA 2015",113,2,"1.77",tier1,"0.567"
"/C=US/O=Starfield Technologies, Inc./OU=Starfield Class 2 Certification Authority",478,8,"1.67",tier1,"0.530"
"/C=GR/O=Hellenic Academic and Research Institutions CA/CN=HARICA TLS RSA Root CA 2021",133,2,"1.50",tier1,"0.466"
"/C=KR/O=KISA/OU=Korea Certification Authority Central/CN=KISA RootCA 1",157,2,"1.27",tier1,"0.380"
"/C=ZA/ST=Western Cape/L=Cape Town/O=Thawte Consulting cc/OU=Certification Services Division/CN=Thawte Server CA/emailAddress=server-certs@thawte.com",97,1,"1.03",tier1,"0.29"
"/C=US/ST=UT/L=Salt Lake City/O=The USERTRUST Network/OU=http:\/\/www.usertrust.com/CN=UTN-USERFirst-Hardware",116,1,"0.86",tier1,"0.23"
"/C=US/O=VeriSign, Inc./OU=Class 3 Public Primary Certification Authority",731,6,"0.82",tier1,"0.21"
"/C=US/O=Equifax Secure Inc./CN=Equifax Secure Global eBusiness CA-1",454,3,"0.66",tier1,"0.15"
"/OU=GlobalSign Root CA - R6/O=GlobalSign/CN=GlobalSign",341,2,"0.59",tier1,"0.12"
"/C=TR/L=Gebze - Kocaeli/O=Turkiye Bilimsel ve Teknolojik Arastirma Kurumu - TUBITAK/OU=Kamu Sertifikasyon Merkezi - Kamu SM/CN=TUBITAK Kamu SM SSL Kok Sertifikasi - Surum 1",559,3,"0.54",tier1,"0.11"
"/C=CZ/O=Prvn\xC3\xAD certifika\xC4\x8Dn\xC3\xAD autorita, a.s./CN=I.CA Root CA\/RSA/serialNumber=NTRCZ-26439395",576,2,"0.35",tier1,"0.03"
"/C=AT/L=Vienna/ST=Austria/O=ARGE DATEN - Austrian Society for Data Protection/OU=GLOBALTRUST Certification Service/CN=GLOBALTRUST/emailAddress=info@globaltrust.info",61,"0.0","0.0",tier1,"-0.10"
"/C=AT/O=A-Trust Ges. f. Sicherheitssysteme im elektr. Datenverkehr GmbH/OU=A-Trust-Qual-02/CN=A-Trust-Qual-02",28,"0.0","0.0",tier1,"-0.10"
"/C=AT/O=A-Trust Ges. f. Sicherheitssysteme im elektr. Datenverkehr GmbH/OU=A-Trust-Qual-03/CN=A-Trust-Qual-03",7,"0.0","0.0",tier1,"-0.10"
"/C=AT/O=A-Trust Ges. f. Sicherheitssysteme im elektr. Datenverkehr GmbH/OU=A-Trust-Root-05/CN=A-Trust-Root-05",204,"0.0","0.0",tier1,"-0.10"
"/C=AT/O=A-Trust Ges. f. Sicherheitssysteme im elektr. Datenverkehr GmbH/OU=A-Trust-Root-07/CN=A-Trust-Root-07",95,"0.0","0.0",tier1,"-0.10"
"/C=AT/O=A-Trust Ges. f. Sicherheitssysteme im elektr. Datenverkehr GmbH/OU=A-Trust-nQual-03/CN=A-Trust-nQual-03",57,"0.0","0.0",tier1,"-0.10"
"/C=AT/O=A-Trust/OU=A-Trust-nQual-01/CN=A-Trust-nQual-01",12,"0.0","0.0",tier1,"-0.10"
"/C=AT/O=Telekom-Control-Kommission/CN=Telekom-Control-Kommission Top 1",1,"0.0","0.0",tier1,"-0.10"
"/C=AT/O=\x00A\x00-\x00T\x00r\x00u\x00s\x00t\x00 \x00G\x00e\x00s\x00.\x00 \x00f\x00\xFC\x00r\x00 \x00S\x00i\x00c\x00h\x00e\x00r\x00h\x00e\x00i\x00t\x00s\x00s\x00y\x00s\x00t\x00e\x00m\x00e\x00 \x00i\x00m\x00 \x00e\x00l\x00e\x00k\x00t\x00r\x00.\x00 \x00D\x00a\x00t\x00e\x00n\x00v\x00e\x00r\x00k\x00e\x00h\x00r\x00 \x00G\x00m\x00b\x00H/OU=A-Trust-Qual-01/CN=A-Trust-Qual-01",4,"0.0","0.0",tier1,"-0.10"
"/C=AT/O=e-commerce monitoring GmbH/CN=GLOBALTRUST 2020",50,"0.0","0.0",tier1,"-0.10"
"/C=AT/ST=Austria/L=Vienna/O=ARGE DATEN - Austrian Society for Data Protection/OU=A-CERT Certification Service/CN=A-CERT ADVANCED/emailAddress=info@a-cert.at",21,"0.0","0.0",tier1,"-0.10"
"/C=AT/ST=Austria/L=Vienna/O=Arge Daten Oesterreichische Gesellschaft fuer Datenschutz/emailAddress=a-cert@argedaten.at",4,"0.0","0.0",tier1,"-0.10"
"/C=AT/ST=Wien/L=Wien/O=e-commerce monitoring GmbH/OU=GLOBALTRUST Certification Service/CN=GLOBALTRUST 2015",61,"0.0","0.0",tier1,"-0.10"
"/C=AU/O=GOV/OU=DoD/OU=PKI/OU=CAs/CN=ADOCA02",38,"0.0","0.0",tier1,"-0.10"
"/C=AU/O=GOV/OU=DoD/OU=PKI/OU=CAs/CN=Australian Defence Public Root CA",10,"0.0","0.0",tier1,"-0.10"
"/C=BE/CN=Belgium Root CA",14,"0.0","0.0",tier1,"-0.10"
"/C=BE/CN=Belgium Root CA2",21,"0.0","0.0",tier1,"-0.10"
"/C=BE/O=Certipost s.a.\/n.v./CN=Certipost E-Trust Primary Normalised CA",12,"0.0","0.0",tier1,"-0.10"
"/C=BE/O=Certipost s.a.\/n.v./CN=Certipost E-Trust Primary Qualified CA",3,"0.0","0.0",tier1,"-0.10"
"/C=BE/O=Certipost s.a.\/n.v./CN=Certipost E-Trust TOP Root CA",3,"0.0","0.0",tier1,"-0.10"
"/C=BE/O=GlobalSign nv-sa/CN=GlobalSign Client Authentication Root E45",2,"0.0","0.0",tier1,"-0.10"
"/C=BE/O=GlobalSign nv-sa/CN=GlobalSign Client Authentication Root R45",2,"0.0","0.0",tier1,"-0.10"
"/C=BE/O=GlobalSign nv-sa/CN=GlobalSign Root E46",79,"0.0","0.0",tier1,"-0.10"
"/C=BE/O=GlobalSign nv-sa/CN=GlobalSign Root R46",78,"0.0","0.0",tier1,"-0.10"
"/C=BE/O=GlobalSign nv-sa/CN=GlobalSign Secure Mail Root R45",1,"0.0","0.0",tier1,"-0.10"
"/C=BE/O=ZETES SA (VATBE-0408425626)/serialNumber=001/CN=ZETES TSP ROOT CA 001",6,"0.0","0.0",tier1,"-0.10"
"/C=BG+O=InfoNotary PLC+DC=root-ca+CN=InfoNotary CSP Root+OU=InfoNotary CSP Root+emailAddress=csp@infonotary.com",20,"0.0","0.0",tier1,"-0.10"
"/C=BM/O=QuoVadis Limited/CN=QuoVadis Root CA 1 G3",54,"0.0","0.0",tier1,"-0.10"
"/C=BM/O=QuoVadis Limited/CN=QuoVadis Root CA 3",889,"0.0","0.0",tier1,"-0.10"
"/C=BM/O=QuoVadis Limited/CN=QuoVadis Root CA 3 G3",46,"0.0","0.0",tier1,"-0.10"
"/C=BM/O=QuoVadis Limited/OU=Root Certification Authority/CN=QuoVadis Root Certification Authority",36,"0.0","0.0",tier1,"-0.10"
"/C=BR/O=ICP-Brasil/OU=Instituto Nacional de Tecnologia da Informacao - ITI/CN=Autoridade Certificadora Raiz Brasileira v1",16,"0.0","0.0",tier1,"-0.10"
"/C=BR/O=ICP-Brasil/OU=Instituto Nacional de Tecnologia da Informacao - ITI/CN=Autoridade Certificadora Raiz Brasileira v5",1,"0.0","0.0",tier1,"-0.10"
"/C=BR/O=ICP-Brasil/OU=Instituto Nacional de Tecnologia da Informacao - ITI/L=Brasilia/ST=DF/CN=Autoridade Certificadora Raiz Brasileira",15,"0.0","0.0",tier1,"-0.10"
"/C=BR/O=Serasa S.A./OU=Serasa CA III/CN=Serasa Certificate Authority III",2,"0.0","0.0",tier1,"-0.10"
"/C=CA/O=Carillon Information Security Inc./OU=Certification Authorities/CN=CISRCA1",24,"0.0","0.0",tier1,"-0.10"
"/C=CA/O=Notarius Inc/CN=Notarius Root Certificate Authority",1,"0.0","0.0",tier1,"-0.10"
"/C=CA/ST=Ontario/L=Toronto/O=Echoworx Corporation/OU=Certification Services/CN=Echoworx Root CA2",10,"0.0","0.0",tier1,"-0.10"
"/C=CH/O=Swiss Government PKI/OU=www.pki.admin.ch/CN=Swiss Government Root CA III",20,"0.0","0.0",tier1,"-0.10"
"/C=CH/O=SwissSign AG/CN=SwissSign Gold Root CA - G3",53,"0.0","0.0",tier1,"-0.10"
"/C=CH/O=SwissSign AG/CN=SwissSign Platinum CA - G2",33,"0.0","0.0",tier1,"-0.10"
"/C=CH/O=SwissSign AG/CN=SwissSign Platinum Root CA - G3",10,"0.0","0.0",tier1,"-0.10"
"/C=CH/O=SwissSign AG/CN=SwissSign Silver Root CA - G3",6,"0.0","0.0",tier1,"-0.10"
"/C=CH/O=SwissSign/CN=SwissSign CA (RSA IK May 6 1999 18:00:58)/emailAddress=ca@SwissSign.com",16,"0.0","0.0",tier1,"-0.10"
"/C=CH/O=The Federal Authorities of the Swiss Confederation/OU=Services/OU=Certification Authorities/CN=Swiss Government Root CA I",4,"0.0","0.0",tier1,"-0.10"
"/C=CH/O=The Federal Authorities of the Swiss Confederation/OU=Services/OU=Certification Authorities/CN=Swiss Government Root CA II",16,"0.0","0.0",tier1,"-0.10"
"/C=CH/O=WISeKey/OU=Copyright (c) 2005/OU=OISTE Foundation Endorsed/CN=OISTE WISeKey Global Root GA CA",103,"0.0","0.0",tier1,"-0.10"
"/C=CH/O=WISeKey/OU=OISTE Foundation Endorsed/CN=OISTE WISeKey Global Root GC CA",5,"0.0","0.0",tier1,"-0.10"
"/C=CH/O=admin/OU=Services/OU=Certification Authorities/CN=AdminCA-CD-T01",43,"0.0","0.0",tier1,"-0.10"
"/C=CL/ST=Region Metropolitana/L=Santiago/O=E-CERTCHILE/OU=Autoridad Certificadora/emailAddress=sclientes@ccs.cl/CN=E-CERT ROOT CA",9,"0.0","0.0",tier1,"-0.10"
"/C=CN/O=BEIJING CERTIFICATE AUTHORITY/CN=BJCA Global Root CA1",3,"0.0","0.0",tier1,"-0.10"
"/C=CN/O=BEIJING CERTIFICATE AUTHORITY/CN=BJCA Global Root CA2",3,"0.0","0.0",tier1,"-0.10"
"/C=CN/O=CFCA GT CA",28,"0.0","0.0",tier1,"-0.10"
"/C=CN/O=CNNIC/CN=CNNIC ROOT",14,"0.0","0.0",tier1,"-0.10"
"/C=CN/O=China Internet Network Information Center/CN=China Internet Network Information Center EV Certificates Root",14,"0.0","0.0",tier1,"-0.10"
"/C=CN/O=UniTrust/CN=UCA Extended Validation Root",44,"0.0","0.0",tier1,"-0.10"
"/C=CN/O=UniTrust/CN=UCA Global Root",32,"0.0","0.0",tier1,"-0.10"
"/C=CN/O=UniTrust/CN=UCA Root",26,"0.0","0.0",tier1,"-0.10"
"/C=CN/O=WoSign CA Limited/CN=CA WoSign ECC Root",15,"0.0","0.0",tier1,"-0.10"
"/C=CN/O=WoSign CA Limited/CN=Certification Authority of WoSign G2",28,"0.0","0.0",tier1,"-0.10"
"/C=CN/ST=Shanghai/L=Shanghai/O=\xE4\xBA\x9A\xE6\x95\xB0\xE4\xBF\xA1\xE6\x81\xAF\xE7\xA7\x91\xE6\x8A\x80\xEF\xBC\x88\xE4\xB8\x8A\xE6\xB5\xB7\xEF\xBC\x89\xE6\x9C\x89\xE9\x99\x90\xE5\x85\xAC\xE5\x8F\xB8/OU=CT TEST ROOT/CN=TEST ROOT",50,"0.0","0.0",tier1,"-0.10"
"/C=CO/L=Carrera 9 16-21 Bogota/O=Certicamara S.A. Entidad de Certificacion/CN=Certificado Empresarial Clase-A",15,"0.0","0.0",tier1,"-0.10"
"/C=CO/O=Sociedad Cameral de Certificaci\xC3\xB3n Digital - Certic\xC3\xA1mara S.A./CN=AC Ra\xC3\xADz Certic\xC3\xA1mara S.A.",26,"0.0","0.0",tier1,"-0.10"
"/C=CZ/CN=I.CA - Qualified Certification Authority, 09\/2009/O=Prvn\xC3\xAD certifika\xC4\x8Dn\xC3\xAD autorita, a.s./OU=I.CA - Accredited Provider of Certification Services",23,"0.0","0.0",tier1,"-0.10"
"/C=CZ/CN=I.CA - Qualified root certificate/O=Prvn\xC3\xAD certifika\xC4\x8Dn\xC3\xAD autorita, a.s.",2,"0.0","0.0",tier1,"-0.10"
"/C=CZ/CN=I.CA - Standard Certification Authority, 09\/2009/O=Prvn\xC3\xAD certifika\xC4\x8Dn\xC3\xAD autorita, a.s./OU=I.CA - Provider of Certification Services",106,"0.0","0.0",tier1,"-0.10"
"/C=CZ/CN=I.CA - Standard root certificate/O=Prvni certifikacni autorita a.s.",27,"0.0","0.0",tier1,"-0.10"
"/C=CZ/O=Prvn\xC3\xAD certifika\xC4\x8Dn\xC3\xAD autorita, a.s./organizationIdentifier=NTRCZ-26439395/CN=I.CA Root CA\/ECC 12\/2016",1,"0.0","0.0",tier1,"-0.10"
"/C=CZ/O=\xC4\x8Cesk\xC3\xA1 po\xC5\xA1ta, s.p. [I\xC4\x8C 47114983]/CN=PostSignum Root QCA 2",376,"0.0","0.0",tier1,"-0.10"
"/C=DE/O=D-Trust GmbH/CN=D-TRUST BR Root CA 1 2020",3,"0.0","0.0",tier1,"-0.10"
"/C=DE/O=D-Trust GmbH/CN=D-TRUST EV Root CA 1 2020",4,"0.0","0.0",tier1,"-0.10"
"/C=DE/O=D-Trust GmbH/CN=D-TRUST Root CA 3 2013",18,"0.0","0.0",tier1,"-0.10"
"/C=DE/O=D-Trust GmbH/CN=D-TRUST Root Class 2 CA 2007",6,"0.0","0.0",tier1,"-0.10"
"/C=DE/O=D-Trust GmbH/CN=D-TRUST Root Class 3 CA 2007",17,"0.0","0.0",tier1,"-0.10"
"/C=DE/O=DATEV eG/CN=CA DATEV BT 03",2,"0.0","0.0",tier1,"-0.10"
"/C=DE/O=DATEV eG/CN=CA DATEV INT 01",2,"0.0","0.0",tier1,"-0.10"
"/C=DE/O=DATEV eG/CN=CA DATEV INT 02",2,"0.0","0.0",tier1,"-0.10"
"/C=DE/O=DATEV eG/CN=CA DATEV STD 01",6,"0.0","0.0",tier1,"-0.10"
"/C=DE/O=DATEV eG/CN=CA DATEV STD 02",1,"0.0","0.0",tier1,"-0.10"
"/C=DE/O=DATEV eG/CN=CA DATEV STD 03",2,"0.0","0.0",tier1,"-0.10"
"/C=DE/O=TC TrustCenter GmbH/OU=TC TrustCenter Class 2 CA/CN=TC TrustCenter Class 2 CA II",19,"0.0","0.0",tier1,"-0.10"
"/C=DE/O=TC TrustCenter GmbH/OU=TC TrustCenter Class 3 CA/CN=TC TrustCenter Class 3 CA II",20,"0.0","0.0",tier1,"-0.10"
"/C=DE/O=TC TrustCenter GmbH/OU=TC TrustCenter Class 4 CA/CN=TC TrustCenter Class 4 CA II",2,"0.0","0.0",tier1,"-0.10"
"/C=DE/O=TC TrustCenter GmbH/OU=TC TrustCenter Universal CA/CN=TC TrustCenter Universal CA I",2,"0.0","0.0",tier1,"-0.10"
"/C=DE/O=TC TrustCenter GmbH/OU=TC TrustCenter Universal CA/CN=TC TrustCenter Universal CA II",2,"0.0","0.0",tier1,"-0.10"
"/C=DE/O=TC TrustCenter GmbH/OU=TC TrustCenter Universal CA/CN=TC TrustCenter Universal CA III",7,"0.0","0.0",tier1,"-0.10"
"/C=DE/ST=Hamburg/L=Hamburg/O=TC TrustCenter for Security in Data Networks GmbH/OU=TC TrustCenter Class 1 CA/emailAddress=certificate@trustcenter.de",4,"0.0","0.0",tier1,"-0.10"
"/C=DE/ST=Hamburg/L=Hamburg/O=TC TrustCenter for Security in Data Networks GmbH/OU=TC TrustCenter Class 2 CA/emailAddress=certificate@trustcenter.de",17,"0.0","0.0",tier1,"-0.10"
"/C=DE/ST=Hamburg/L=Hamburg/O=TC TrustCenter for Security in Data Networks GmbH/OU=TC TrustCenter Class 3 CA/emailAddress=certificate@trustcenter.de",17,"0.0","0.0",tier1,"-0.10"
"/C=DK/O=KMD/OU=KMD-CA/CN=KMD-CA Server/mail=infoca@kmd-ca.dk",1,"0.0","0.0",tier1,"-0.10"
"/C=DK/O=TDC Internet/OU=TDC Internet Root CA",19,"0.0","0.0",tier1,"-0.10"
"/C=DK/O=TDC/CN=TDC OCES CA",10,"0.0","0.0",tier1,"-0.10"
"/C=DK/O=TRUST2408/CN=TRUST2408 OCES Primary CA",412,"0.0","0.0",tier1,"-0.10"
"/C=EE/O=AS Sertifitseerimiskeskus/CN=EE Certification Centre Root CA/emailAddress=pki@sk.ee",65,"0.0","0.0",tier1,"-0.10"
"/C=ES/L=C\/ Muntaner 244 Barcelona/CN=Autoridad de Certificacion Firmaprofesional CIF A62634068/emailAddress=ca@firmaprofesional.com",16,"0.0","0.0",tier1,"-0.10"
"/C=ES/O=Agencia Notarial de Certificacion S.L. Unipersonal - CIF B83395988/CN=ANCERT Certificados CGN",3,"0.0","0.0",tier1,"-0.10"
"/C=ES/O=Agencia Notarial de Certificacion S.L. Unipersonal - CIF B83395988/CN=ANCERT Certificados Notariales",13,"0.0","0.0",tier1,"-0.10"
"/C=ES/O=Agencia Notarial de Certificacion S.L. Unipersonal - CIF B83395988/CN=ANCERT Corporaciones de Derecho Publico",1,"0.0","0.0",tier1,"-0.10"
"/C=ES/O=Agencia Notarial de Certificacion S.L.U. - CIF B83395988/CN=ANCERT Certificados CGN V2",9,"0.0","0.0",tier1,"-0.10"
"/C=ES/O=Agencia Notarial de Certificacion S.L.U. - CIF B83395988/CN=ANCERT Certificados Notariales V2",37,"0.0","0.0",tier1,"-0.10"
"/C=ES/O=Colegio de Registradores de la Propiedad y Mercantiles de Espa\xC3\xB1a/OU=Certificado Propio/CN=Registradores de Espa\xC3\xB1a - CA Ra\xC3\xADz",31,"0.0","0.0",tier1,"-0.10"
"/C=ES/O=Consejo General de la Abogacia NIF:Q-2863006I/CN=Autoridad de Certificacion de la Abogacia",29,"0.0","0.0",tier1,"-0.10"
"/C=ES/O=DIRECCION GENERAL DE LA POLICIA/OU=DNIE/CN=AC RAIZ DNIE",16,"0.0","0.0",tier1,"-0.10"
"/C=ES/O=FNMT/OU=FNMT Clase 2 CA",41,"0.0","0.0",tier1,"-0.10"
"/C=ES/O=Generalitat Valenciana/OU=PKIGVA/CN=Root CA Generalitat Valenciana",12,"0.0","0.0",tier1,"-0.10"
"/C=ES/O=IZENPE S.A. - CIF A-01337260-RMerc.Vitoria-Gasteiz T1055 F62 S8/L=Avda del Mediterraneo Etorbidea 3 - 01010 Vitoria-Gasteiz/CN=Izenpe.com/emailAddress=Info@izenpe.com",12,"0.0","0.0",tier1,"-0.10"
"/C=ES/ST=BARCELONA/L=BARCELONA/O=IPS Seguridad CA/OU=Certificaciones/CN=IPS SERVIDORES/emailAddress=ips@mail.ips.es",19,"0.0","0.0",tier1,"-0.10"
"/C=ES/ST=Barcelona/L=Barcelona (see current address at http:\/\/www.anf.es\/es\/address-direccion.html )/O=ANF Autoridad de Certificacion/OU=ANF Clase 1 CA/emailAddress=info@anf.es/serialNumber=G63287510/CN=ANF Global Root CA",38,"0.0","0.0",tier1,"-0.10"
"/C=ES/ST=Barcelona/L=Barcelona (see current address at https:\/\/www.anf.es\/address\/)/O=ANF Autoridad de Certificaci\xC3\xB3n/OU=ANF Clase 1 CA/serialNumber=G63287510/CN=ANF Server CA",7,"0.0","0.0",tier1,"-0.10"
"/C=ES/ST=MADRID/L=MADRID/OU=see current address at www.camerfirma.com\/address/OU=CHAMBERS OF COMMERCE ROOT - 2016/serialNumber=A82743287/organizationIdentifier=VATES-A82743287/O=AC CAMERFIRMA S.A./CN=CHAMBERS OF COMMERCE ROOT - 2016",51,"0.0","0.0",tier1,"-0.10"
"/C=ES/ST=MADRID/L=MADRID/OU=see current address at www.camerfirma.com\/address/OU=GLOBAL CHAMBERSIGN ROOT - 2016/serialNumber=A82743287/organizationIdentifier=VATES-A82743287/O=AC CAMERFIRMA S.A./CN=GLOBAL CHAMBERSIGN ROOT - 2016",12,"0.0","0.0",tier1,"-0.10"
"/C=ES/ST=Madrid/L=Madrid/O=IPS Certification Authority s.l. ipsCA/OU=ipsCA/CN=ipsCA Global CA Root/emailAddress=global01@ipsca.com",39,"0.0","0.0",tier1,"-0.10"
"/C=ES/ST=Madrid/L=Madrid/O=IPS Certification Authority s.l. ipsCA/OU=ipsCA/CN=ipsCA Main CA Root/emailAddress=main01@ipsca.com",2,"0.0","0.0",tier1,"-0.10"
"/C=ES/serialNumber=Q2863006I/O=CONSEJO GENERAL DE LA ABOGACIA/CN=ACA ROOT",16,"0.0","0.0",tier1,"-0.10"
"/C=EU/O=AC Camerfirma SA CIF A82743287/OU=http:\/\/www.chambersign.org/CN=Chambers of Commerce Root",56,"0.0","0.0",tier1,"-0.10"
"/C=EU/O=AC Camerfirma SA CIF A82743287/OU=http:\/\/www.chambersign.org/CN=Global Chambersign Root",10,"0.0","0.0",tier1,"-0.10"
"/C=FI/O=Digi- ja vaestotietovirasto CA/OU=Certification Authority Services/OU=Varmennepalvelut/CN=DVV Gov. Root CA - G3 ECC",21,"0.0","0.0",tier1,"-0.10"
"/C=FI/O=Sonera/CN=Sonera Class2 CA",79,"0.0","0.0",tier1,"-0.10"
"/C=FI/O=Vaestorekisterikeskus CA/OU=Certification Authority Services/OU=Varmennepalvelut/CN=VRK Gov. Root CA - G2",13,"0.0","0.0",tier1,"-0.10"
"/C=FR/O=ANSSI/OU=0002 130007669/CN=IGC\/A AC racine Etat francais",88,"0.0","0.0",tier1,"-0.10"
"/C=FR/O=Certeurope/OU=0002 434202180/CN=Certeurope Root CA 2",5,"0.0","0.0",tier1,"-0.10"
"/C=FR/O=CertiNomis/OU=AC Racine - Root CA/CN=CertiNomis",8,"0.0","0.0",tier1,"-0.10"
"/C=FR/O=Certinomis/OU=0002 433998903/CN=Certinomis - Autorit\xC3\xA9 Racine",60,"0.0","0.0",tier1,"-0.10"
"/C=FR/O=Certplus/CN=Certplus Root CA G1",5,"0.0","0.0",tier1,"-0.10"
"/C=FR/O=Certplus/CN=Certplus Root CA G2",5,"0.0","0.0",tier1,"-0.10"
"/C=FR/O=Certplus/CN=Class 2 Primary CA",563,"0.0","0.0",tier1,"-0.10"
"/C=FR/O=Certplus/CN=Class 3P Primary CA",1,"0.0","0.0",tier1,"-0.10"
"/C=FR/O=Dhimyotis/OU=0002 48146308100036/CN=Certigna Root CA",13,"0.0","0.0",tier1,"-0.10"
"/C=FR/O=KEYNECTIS/OU=ROOT/CN=KEYNECTIS ROOT CA",5,"0.0","0.0",tier1,"-0.10"
"/C=FR/O=OpenTrust/CN=OpenTrust Root CA G1",17,"0.0","0.0",tier1,"-0.10"
"/C=FR/O=OpenTrust/CN=OpenTrust Root CA G2",4,"0.0","0.0",tier1,"-0.10"
"/C=FR/O=OpenTrust/CN=OpenTrust Root CA G3",10,"0.0","0.0",tier1,"-0.10"
"/C=FR/ST=France/L=Paris/O=PM\/SGDN/OU=DCSSI/CN=IGC\/A/emailAddress=igca@sgdn.pm.gouv.fr",182,"0.0","0.0",tier1,"-0.10"
"/C=GB/O=Trustis Limited/OU=Trustis FPS Root CA",59,"0.0","0.0",tier1,"-0.10"
"/C=GB/ST=Greater Manchester/L=Salford/O=Comodo CA Limited/CN=Secure Certificate Services",3,"0.0","0.0",tier1,"-0.10"
"/C=GB/ST=Greater Manchester/L=Salford/O=Comodo CA Limited/CN=Trusted Certificate Services",5,"0.0","0.0",tier1,"-0.10"
"/C=GR/O=ATHENS STOCK EXCHANGE/CN=ATHEX Root CA G2",149,"0.0","0.0",tier1,"-0.10"
"/C=GR/O=Athens Exchange S.A./CN=ATHEX Root CA",120,"0.0","0.0",tier1,"-0.10"
"/C=GR/O=Hellenic Academic and Research Institutions CA/CN=HARICA TLS ECC Root CA 2021",86,"0.0","0.0",tier1,"-0.10"
"/C=HK/O=Hongkong Post/CN=Hongkong Post Root CA",3,"0.0","0.0",tier1,"-0.10"
"/C=HK/ST=Hong Kong/L=Hong Kong/O=Hongkong Post/CN=Hongkong Post Root CA 2",2,"0.0","0.0",tier1,"-0.10"
"/C=HK/ST=Hong Kong/L=Hong Kong/O=Hongkong Post/CN=Hongkong Post Root CA 3",6,"0.0","0.0",tier1,"-0.10"
"/C=HR/O=Financijska agencija/CN=Fina Root CA",566,"0.0","0.0",tier1,"-0.10"
"/C=HU/L=Budapest/O=Microsec Ltd./OU=e-Szigno CA/CN=Microsec e-Szigno Root CA",24,"0.0","0.0",tier1,"-0.10"
"/C=HU/L=Budapest/O=NetLock Halozatbiztonsagi Kft./OU=Tanusitvanykiadok/CN=NetLock Expressz (Class C) Tanusitvanykiado",13,"0.0","0.0",tier1,"-0.10"
"/C=HU/L=Budapest/O=NetLock Halozatbiztonsagi Kft./OU=Tanusitvanykiadok/CN=NetLock Uzleti (Class B) Tanusitvanykiado",15,"0.0","0.0",tier1,"-0.10"
"/C=HU/L=Budapest/O=NetLock Kft./OU=Tan\xC3\xBAs\xC3\xADtv\xC3\xA1nykiad\xC3\xB3k (Certification Services)/CN=NetLock Platina (Class Platinum) F\xC5\x91tan\xC3\xBAs\xC3\xADtv\xC3\xA1ny",7,"0.0","0.0",tier1,"-0.10"
"/C=HU/ST=Hungary/L=Budapest/O=NetLock Halozatbiztonsagi Kft./OU=Tanusitvanykiadok/CN=NetLock Kozjegyzoi (Class A) Tanusitvanykiado",20,"0.0","0.0",tier1,"-0.10"
"/C=IE/O=An Post/OU=Post.Trust Ltd./CN=Post.Trust Root CA",10,"0.0","0.0",tier1,"-0.10"
"/C=IL/O=PersonalID Ltd./OU=Certificate Services/CN=PersonalID Trustworthy RootCA 2011",5,"0.0","0.0",tier1,"-0.10"
"/C=IN/O=India PKI/CN=CCA India 2007",11,"0.0","0.0",tier1,"-0.10"
"/C=IN/O=India PKI/CN=CCA India 2011",51,"0.0","0.0",tier1,"-0.10"
"/C=IN/O=India PKI/CN=CCA India 2014",38,"0.0","0.0",tier1,"-0.10"
"/C=IN/OU=emSign PKI/O=eMudhra Technologies Limited/CN=emSign ECC Root CA - G3",40,"0.0","0.0",tier1,"-0.10"
"/C=IN/OU=emSign PKI/O=eMudhra Technologies Limited/CN=emSign Root CA - G2",2,"0.0","0.0",tier1,"-0.10"
"/C=IT/L=Milano/O=Actalis S.p.A.\/03358520967/CN=Actalis Authentication CA G1",2,"0.0","0.0",tier1,"-0.10"
"/C=JP/O=Cybertrust Japan Co., Ltd./CN=SecureSign Root CA12",7,"0.0","0.0",tier1,"-0.10"
"/C=JP/O=Cybertrust Japan Co., Ltd./CN=SecureSign Root CA14",7,"0.0","0.0",tier1,"-0.10"
"/C=JP/O=Cybertrust Japan Co., Ltd./CN=SecureSign Root CA15",7,"0.0","0.0",tier1,"-0.10"
"/C=JP/O=Japan Certification Services, Inc./CN=SecureSign RootCA1",18,"0.0","0.0",tier1,"-0.10"
"/C=JP/O=Japan Certification Services, Inc./CN=SecureSign RootCA11",21,"0.0","0.0",tier1,"-0.10"
"/C=JP/O=Japanese Government/OU=ApplicationCA",45,"0.0","0.0",tier1,"-0.10"
"/C=JP/O=Japanese Government/OU=GPKI/CN=ApplicationCA2 Root",16,"0.0","0.0",tier1,"-0.10"
"/C=JP/O=LGPKI/CN=Application CA G3 Root",49,"0.0","0.0",tier1,"-0.10"
"/C=JP/O=LGPKI/CN=Application CA G4 Root",6,"0.0","0.0",tier1,"-0.10"
"/C=JP/O=LGPKI/OU=Application CA G2",25,"0.0","0.0",tier1,"-0.10"
"/C=JP/O=SECOM Trust Systems CO.,LTD./CN=Security Communication ECC RootCA1",336,"0.0","0.0",tier1,"-0.10"
"/C=JP/O=SECOM Trust Systems CO.,LTD./CN=Security Communication RootCA3",11,"0.0","0.0",tier1,"-0.10"
"/C=JP/O=SECOM Trust Systems CO.,LTD./OU=Security Communication EV RootCA1",18,"0.0","0.0",tier1,"-0.10"
"/C=KR/O=Government of Korea/OU=GPKI/CN=GPKIRootCA",13,"0.0","0.0",tier1,"-0.10"
"/C=KR/O=Government of Korea/OU=GPKI/CN=Root CA",16,"0.0","0.0",tier1,"-0.10"
"/C=KR/O=KISA/OU=Korea Certification Authority Central/CN=KISA RootCA 3",15,"0.0","0.0",tier1,"-0.10"
"/C=KR/O=KISA/OU=ROOTCA/CN=CertRSA01",11,"0.0","0.0",tier1,"-0.10"
"/C=KR/O=NAVER BUSINESS PLATFORM Corp./CN=NAVER Global Root Certification Authority",159,"0.0","0.0",tier1,"-0.10"
"/C=LT/O=Skaitmeninio sertifikavimo centras/OU=CA ROOT Services/CN=SSC GDL CA Root B",21,"0.0","0.0",tier1,"-0.10"
"/C=LT/O=Skaitmeninio sertifikavimo centras/OU=Certification Authority/CN=SSC Root CA A",15,"0.0","0.0",tier1,"-0.10"
"/C=LT/O=VI Registru Centras - I.k. 124110246/OU=Registru Centro Sertifikavimo Centras/CN=VI Registru Centras RCSC (RootCA)",25,"0.0","0.0",tier1,"-0.10"
"/C=LT/OU=RCSC/O=VI Registru centras- i.k. 124110246/CN=RCSC RootCA",2,"0.0","0.0",tier1,"-0.10"
"/C=LU/O=LuxTrust S.A./CN=LuxTrust Global Root 2",29,"0.0","0.0",tier1,"-0.10"
"/C=LU/O=LuxTrust s.a./CN=LuxTrust Global Root",56,"0.0","0.0",tier1,"-0.10"
"/C=LV/O=VAS Latvijas Pasts - Vien.reg.Nr.40003052790/OU=Sertifikacijas pakalpojumi/CN=VAS Latvijas Pasts SSI(RCA)",9,"0.0","0.0",tier1,"-0.10"
"/C=LV/OU=Sertifikacijas pakalpojumu dala/CN=E-ME SSI (RCA)",57,"0.0","0.0",tier1,"-0.10"
"/C=MO/O=Macao Post/CN=Macao Post eSignTrust Root Certification Authority",2,"0.0","0.0",tier1,"-0.10"
"/C=MO/O=Macao Post/CN=Macao Post eSignTrust Root Certification Authority (G02)",7,"0.0","0.0",tier1,"-0.10"
"/C=MY/O=Digicert Sdn. Bhd./CN=PosDigicert Class 2 Root CA G2",3,"0.0","0.0",tier1,"-0.10"
"/C=NL/O=Digidentity B.V./CN=Digidentity L3 Root CA - G2",9,"0.0","0.0",tier1,"-0.10"
"/C=NL/O=Staat der Nederlanden/CN=Staat der Nederlanden Root CA",25,"0.0","0.0",tier1,"-0.10"
"/C=NO/O=Buypass AS-983163327/CN=Buypass Class 2 CA 1",15,"0.0","0.0",tier1,"-0.10"
"/C=NO/O=Buypass AS-983163327/CN=Buypass Class 3 CA 1",17,"0.0","0.0",tier1,"-0.10"
"/C=PA/ST=Panama/L=Panama City/O=TrustCor Systems S. de R.L./OU=TrustCor Certificate Authority/CN=TrustCor ECA-1",13,"0.0","0.0",tier1,"-0.10"
"/C=PA/ST=Panama/L=Panama City/O=TrustCor Systems S. de R.L./OU=TrustCor Certificate Authority/CN=TrustCor RootCert CA-2",36,"0.0","0.0",tier1,"-0.10"
"/C=PL/O=Asseco Data Systems S.A./OU=Certum Certification Authority/CN=Certum EC-384 CA",4,"0.0","0.0",tier1,"-0.10"
"/C=PL/O=Asseco Data Systems S.A./OU=Certum Certification Authority/CN=Certum Trusted Root CA",4,"0.0","0.0",tier1,"-0.10"
"/C=PL/O=Krajowa Izba Rozliczeniowa S.A./CN=SZAFIR ROOT CA",34,"0.0","0.0",tier1,"-0.10"
"/C=PL/O=Telekomunikacja Polska S.A./OU=Signet Certification Authority/CN=Signet Root CA",105,"0.0","0.0",tier1,"-0.10"
"/C=PL/O=Unizeto Technologies S.A./OU=Certum Certification Authority/CN=Certum Trusted Network CA 2",20,"0.0","0.0",tier1,"-0.10"
"/C=PT/O=MULTICERT - Servi\xC3\xA7os de Certifica\xC3\xA7\xC3\xA3o Electr\xC3\xB3nica S.A./CN=MULTICERT Root Certification Authority 01",23,"0.0","0.0",tier1,"-0.10"
"/C=PT/O=SCEE/CN=ECRaizEstado",14,"0.0","0.0",tier1,"-0.10"
"/C=RO/O=CERTSIGN SA/OU=certSIGN ROOT CA G2",38,"0.0","0.0",tier1,"-0.10"
"/C=SA/O=National Center for Digital Certification/OU=Saudi National Root CA",26,"0.0","0.0",tier1,"-0.10"
"/C=SE/O=AddTrust AB/OU=AddTrust TTP Network/CN=AddTrust Class 1 CA Root",8,"0.0","0.0",tier1,"-0.10"
"/C=SE/O=AddTrust AB/OU=AddTrust TTP Network/CN=AddTrust Public CA Root",2,"0.0","0.0",tier1,"-0.10"
"/C=SE/O=AddTrust AB/OU=AddTrust TTP Network/CN=AddTrust Qualified CA Root",6,"0.0","0.0",tier1,"-0.10"
"/C=SE/O=Carelink/CN=SITHS CA v3",19,"0.0","0.0",tier1,"-0.10"
"/C=SE/O=Swedish Social Insurance Agency/CN=Swedish Government Root Authority v1",14,"0.0","0.0",tier1,"-0.10"
"/C=SE/O=Swedish Social Insurance Agency/CN=Swedish Government Root Authority v3",66,"0.0","0.0",tier1,"-0.10"
"/C=SG/O=Netrust Certificate Authority 1/OU=Netrust CA1",35,"0.0","0.0",tier1,"-0.10"
"/C=SI/O=ACNLB",17,"0.0","0.0",tier1,"-0.10"
"/C=SI/O=Halcom d.d./organizationIdentifier=VATSI-43353126/CN=Halcom Root Certificate Authority",1,"0.0","0.0",tier1,"-0.10"
"/C=SI/O=Halcom/CN=Halcom CA PO 2",28,"0.0","0.0",tier1,"-0.10"
"/C=SI/O=Halcom/CN=Halcom Root CA",33,"0.0","0.0",tier1,"-0.10"
"/C=SI/O=POSTA/OU=POSTArCA",71,"0.0","0.0",tier1,"-0.10"
"/C=SI/O=Republika Slovenija/organizationIdentifier=VATSI-17659957/CN=SI-TRUST Root",48,"0.0","0.0",tier1,"-0.10"
"/C=SK/L=Bratislava/O=Disig a.s./CN=CA Disig",20,"0.0","0.0",tier1,"-0.10"
"/C=SK/L=Bratislava/O=Disig a.s./CN=CA Disig Root R1",6,"0.0","0.0",tier1,"-0.10"
"/C=TH/O=Electronic Transactions Development Agency (Public Organization)/OU=Thailand National Root Certification Authority/CN=Thailand National Root Certification Authority - G1",8,"0.0","0.0",tier1,"-0.10"
"/C=TN/CN=Tunisian Root Certificate Authority - TunRootCA2/O=National Digital Certification Agency",283,"0.0","0.0",tier1,"-0.10"
"/C=TN/O=ANCE/OU=ANCE WEB/CN=Agence Nationale de Certification Electronique/emailAddress=ance@certification.tn",20,"0.0","0.0",tier1,"-0.10"
"/C=TN/O=Agence Nationale de Certification Electronique/CN=TunTrust Root CA",208,"0.0","0.0",tier1,"-0.10"
"/C=TR/L=Ankara/O=E-Tugra EBG A.S./OU=E-Tugra Trust Center/CN=E-Tugra Global Root CA ECC v3",4,"0.0","0.0",tier1,"-0.10"
"/C=TR/L=Ankara/O=E-Tugra EBG A.S./OU=E-Tugra Trust Center/CN=E-Tugra Global Root CA RSA v3",4,"0.0","0.0",tier1,"-0.10"
"/C=TR/L=Ankara/O=T\xC3\x9CRKTRUST Bilgi \xC4\xB0leti\xC5\x9Fim ve Bili\xC5\x9Fim G\xC3\xBCvenli\xC4\x9Fi Hizmetleri A.\xC5\x9E./CN=T\xC3\x9CRKTRUST Elektronik Sertifika Hizmet Sa\xC4\x9Flay\xC4\xB1c\xC4\xB1s\xC4\xB1 H5",23,"0.0","0.0",tier1,"-0.10"
"/C=TR/L=Ankara/O=T\xC3\x9CRKTRUST Bilgi \xC4\xB0leti\xC5\x9Fim ve Bili\xC5\x9Fim G\xC3\xBCvenli\xC4\x9Fi Hizmetleri A.\xC5\x9E./CN=T\xC3\x9CRKTRUST Elektronik Sertifika Hizmet Sa\xC4\x9Flay\xC4\xB1c\xC4\xB1s\xC4\xB1 H6",8,"0.0","0.0",tier1,"-0.10"
"/C=TR/L=Gebze - Kocaeli/O=T\xC3\xBCrkiye Bilimsel ve Teknolojik Ara\xC5\x9Ft\xC4\xB1rma Kurumu - T\xC3\x9CB\xC4\xB0TAK/OU=Ulusal Elektronik ve Kriptoloji Ara\xC5\x9Ft\xC4\xB1rma Enstit\xC3\xBCs\xC3\xBC - UEKAE/OU=Kamu Sertifikasyon Merkezi/CN=T\xC3\x9CB\xC4\xB0TAK UEKAE K\xC3\xB6k Sertifika Hizmet Sa\xC4\x9Flay\xC4\xB1c\xC4\xB1s\xC4\xB1 - S\xC3\xBCr\xC3\xBCm 3",89,"0.0","0.0",tier1,"-0.10"
"/C=TR/O=Elektronik Bilgi Guvenligi A.S./CN=E-GUVEN Kok Elektronik Sertifika Hizmet Saglayicisi S2",12,"0.0","0.0",tier1,"-0.10"
"/C=TR/O=Elektronik Bilgi Guvenligi A.S./CN=E-GUVEN Kok Elektronik Sertifika Hizmet Saglayicisi S3",16,"0.0","0.0",tier1,"-0.10"
"/C=TR/O=Elektronik Bilgi Guvenligi A.S./CN=e-Guven Kok Elektronik Sertifika Hizmet Saglayicisi",25,"0.0","0.0",tier1,"-0.10"
"/C=TW/O=Chunghwa Telecom Co., Ltd./CN=ePKI EV SSL Certification Authority - G1",1,"0.0","0.0",tier1,"-0.10"
"/C=TW/O=Chunghwa Telecom Co., Ltd./CN=ePKI Root Certification Authority - G2",679,"0.0","0.0",tier1,"-0.10"
"/C=US/O=AffirmTrust/CN=AffirmTrust Networking",39,"0.0","0.0",tier1,"-0.10"
"/C=US/O=AffirmTrust/CN=AffirmTrust Premium",19,"0.0","0.0",tier1,"-0.10"
"/C=US/O=AffirmTrust/CN=AffirmTrust Premium ECC",17,"0.0","0.0",tier1,"-0.10"
"/C=US/O=Amazon/CN=Amazon Root CA 2",8,"0.0","0.0",tier1,"-0.10"
"/C=US/O=Amazon/CN=Amazon Root CA 3",8,"0.0","0.0",tier1,"-0.10"
"/C=US/O=Amazon/CN=Amazon Root CA 4",8,"0.0","0.0",tier1,"-0.10"
"/C=US/O=America Online Inc./CN=America Online Root Certification Authority 1",15,"0.0","0.0",tier1,"-0.10"
"/C=US/O=Apple Computer, Inc./OU=Apple Computer Certificate Authority/CN=Apple Root Certificate Authority",2,"0.0","0.0",tier1,"-0.10"
"/C=US/O=Cisco Systems/CN=Cisco RXC-R2",8,"0.0","0.0",tier1,"-0.10"
"/C=US/O=DigiCert Inc/OU=www.digicert.com/CN=DigiCert Assured ID Root G2",407,"0.0","0.0",tier1,"-0.10"
"/C=US/O=DigiCert Inc/OU=www.digicert.com/CN=DigiCert Assured ID Root G3",14,"0.0","0.0",tier1,"-0.10"
"/C=US/O=DigiCert, Inc./CN=DigiCert ECC P384 Root G5",10,"0.0","0.0",tier1,"-0.10"
"/C=US/O=DigiCert, Inc./CN=DigiCert RSA4096 Root G5",6,"0.0","0.0",tier1,"-0.10"
"/C=US/O=DigiCert, Inc./CN=DigiCert TLS ECC P384 Root G5",9,"0.0","0.0",tier1,"-0.10"
"/C=US/O=DigiCert, Inc./CN=DigiCert TLS RSA4096 Root G5",14,"0.0","0.0",tier1,"-0.10"
"/C=US/O=Digital Signature Trust/OU=DST ACES/CN=DST ACES CA X6",13,"0.0","0.0",tier1,"-0.10"
"/C=US/O=Entrust, Inc./OU=See www.entrust.net\/legal-terms/OU=(c) 2015 Entrust, Inc. - for authorized use only/CN=Entrust Root Certification Authority - G4",9,"0.0","0.0",tier1,"-0.10"
"/C=US/O=Entrust, Inc./OU=www.entrust.net\/CPS is incorporated by reference/OU=(c) 2006 Entrust, Inc./CN=Entrust Root Certification Authority",908,"0.0","0.0",tier1,"-0.10"
"/C=US/O=Entrust.net/OU=www.entrust.net\/CPS incorp. by ref. (limits liab.)/OU=(c) 1999 Entrust.net Limited/CN=Entrust.net Secure Server Certification Authority",19,"0.0","0.0",tier1,"-0.10"
"/C=US/O=Equifax Secure Inc./CN=Equifax Secure eBusiness CA-1",21,"0.0","0.0",tier1,"-0.10"
"/C=US/O=GTE Corporation/CN=GTE CyberTrust Root",18,"0.0","0.0",tier1,"-0.10"
"/C=US/O=GeoTrust Inc./CN=GeoTrust Global CA 2",2,"0.0","0.0",tier1,"-0.10"
"/C=US/O=GeoTrust Inc./CN=GeoTrust Universal CA",8,"0.0","0.0",tier1,"-0.10"
"/C=US/O=GeoTrust Inc./CN=GeoTrust Universal CA 2",7,"0.0","0.0",tier1,"-0.10"
"/C=US/O=GeoTrust Inc./OU=(c) 2012 GeoTrust Inc. - For authorized use only/CN=GeoTrust Primary Certification Authority - G4",33,"0.0","0.0",tier1,"-0.10"
"/C=US/O=Google Trust Services LLC/CN=GTS Root R2",374,"0.0","0.0",tier1,"-0.10"
"/C=US/O=Google Trust Services LLC/CN=GTS Root R3",109,"0.0","0.0",tier1,"-0.10"
"/C=US/O=IdenTrust/CN=IdenTrust Public Sector Root CA 1",99,"0.0","0.0",tier1,"-0.10"
"/C=US/O=Microsoft Corporation/CN=Microsoft ECC Root Certificate Authority 2017",838,"0.0","0.0",tier1,"-0.10"
"/C=US/O=RSA Data Security, Inc./OU=Secure Server Certification Authority",16,"0.0","0.0",tier1,"-0.10"
"/C=US/O=SecureTrust Corporation/CN=Secure Global CA",16,"0.0","0.0",tier1,"-0.10"
"/C=US/O=Symantec Corporation/OU=Symantec Trust Network/CN=Symantec Class 1 Public Primary Certification Authority - G6",9,"0.0","0.0",tier1,"-0.10"
"/C=US/O=Symantec Corporation/OU=Symantec Trust Network/CN=Symantec Class 2 Public Primary Certification Authority - G4",1,"0.0","0.0",tier1,"-0.10"
"/C=US/O=Symantec Corporation/OU=Symantec Trust Network/CN=Symantec Class 2 Public Primary Certification Authority - G6",42,"0.0","0.0",tier1,"-0.10"
"/C=US/O=Symantec Corporation/OU=Symantec Trust Network/CN=Symantec Class 3 Public Primary Certification Authority - G4",11,"0.0","0.0",tier1,"-0.10"
"/C=US/O=Symantec Corporation/OU=Symantec Trust Network/CN=Symantec Class 3 Public Primary Certification Authority - G6",10,"0.0","0.0",tier1,"-0.10"
"/C=US/O=Symantec Corporation/OU=Symantec Trust Network/CN=Symantec Class 3 Public Primary Certification Authority - G7",31,"0.0","0.0",tier1,"-0.10"
"/C=US/O=U.S. Government/OU=DoD/OU=PKI/CN=DoD CLASS 3 Root CA",12,"0.0","0.0",tier1,"-0.10"
"/C=US/O=U.S. Government/OU=DoD/OU=PKI/CN=DoD Root CA 2",19,"0.0","0.0",tier1,"-0.10"
"/C=US/O=U.S. Government/OU=ECA/CN=ECA Root CA",13,"0.0","0.0",tier1,"-0.10"
"/C=US/O=VISA/OU=Visa International Service Association/CN=Visa Information Delivery Root CA",321,"0.0","0.0",tier1,"-0.10"
"/C=US/O=VISA/OU=Visa International Service Association/CN=Visa Public RSA Root CA",6,"0.0","0.0",tier1,"-0.10"
"/C=US/O=VISA/OU=Visa International Service Association/CN=Visa eCommerce Root",145,"0.0","0.0",tier1,"-0.10"
"/C=US/O=VeriSign, Inc./OU=Class 1 Public Primary Certification Authority",5,"0.0","0.0",tier1,"-0.10"
"/C=US/O=VeriSign, Inc./OU=Class 1 Public Primary Certification Authority - G2/OU=(c) 1998 VeriSign, Inc. - For authorized use only/OU=VeriSign Trust Network",12,"0.0","0.0",tier1,"-0.10"
"/C=US/O=VeriSign, Inc./OU=Class 2 Public Primary Certification Authority",7,"0.0","0.0",tier1,"-0.10"
"/C=US/O=VeriSign, Inc./OU=Class 2 Public Primary Certification Authority - G2/OU=(c) 1998 VeriSign, Inc. - For authorized use only/OU=VeriSign Trust Network",21,"0.0","0.0",tier1,"-0.10"
"/C=US/O=VeriSign, Inc./OU=Class 3 Public Primary Certification Authority - G2/OU=(c) 1998 VeriSign, Inc. - For authorized use only/OU=VeriSign Trust Network",218,"0.0","0.0",tier1,"-0.10"
"/C=US/O=VeriSign, Inc./OU=VeriSign Trust Network/OU=(c) 1999 VeriSign, Inc. - For authorized use only/CN=VeriSign Class 1 Public Primary Certification Authority - G3",17,"0.0","0.0",tier1,"-0.10"
"/C=US/O=VeriSign, Inc./OU=VeriSign Trust Network/OU=(c) 1999 VeriSign, Inc. - For authorized use only/CN=VeriSign Class 2 Public Primary Certification Authority - G3",929,"0.0","0.0",tier1,"-0.10"
"/C=US/O=Verizon Business/OU=OmniRoot/CN=Verizon Global Root CA",49,"0.0","0.0",tier1,"-0.10"
"/C=US/O=WFA Hotspot 2.0/CN=Hotspot 2.0 Trust Root CA - 03",180,"0.0","0.0",tier1,"-0.10"
"/C=US/O=Wells Fargo WellsSecure/OU=Wells Fargo Bank NA/CN=WellsSecure Public Root Certificate Authority",5,"0.0","0.0",tier1,"-0.10"
"/C=US/O=Wells Fargo WellsSecure/OU=Wells Fargo Bank NA/CN=WellsSecure Public Root Certification Authority 01 G2",19,"0.0","0.0",tier1,"-0.10"
"/C=US/O=Wells Fargo/OU=Wells Fargo Certification Authority/CN=Wells Fargo Root Certificate Authority",16,"0.0","0.0",tier1,"-0.10"
"/C=US/O=thawte, Inc./OU=(c) 2007 thawte, Inc. - For authorized use only/CN=thawte Primary Root CA - G2",9,"0.0","0.0",tier1,"-0.10"
"/C=US/O=thawte, Inc./OU=Certification Services Division/OU=(c) 2012 thawte, Inc. - For authorized use only/CN=thawte Primary Root CA - G4",26,"0.0","0.0",tier1,"-0.10"
"/C=US/OU=emSign PKI/O=eMudhra Inc/CN=emSign ECC Root CA - C3",42,"0.0","0.0",tier1,"-0.10"
"/C=US/OU=emSign PKI/O=eMudhra Inc/CN=emSign Root CA - C1",31,"0.0","0.0",tier1,"-0.10"
"/C=US/OU=emSign PKI/O=eMudhra Inc/CN=emSign Root CA - C2",2,"0.0","0.0",tier1,"-0.10"
"/C=US/OU=www.xrampsecurity.com/O=XRamp Security Services Inc/CN=XRamp Global Certification Authority",122,"0.0","0.0",tier1,"-0.10"
"/C=US/ST=Arizona/L=Scottsdale/O=Starfield Technologies, Inc./OU=http:\/\/certificates.starfieldtech.com\/repository\//CN=Starfield Services Root Certificate Authority",17,"0.0","0.0",tier1,"-0.10"
"/C=US/ST=FL/L=Jacksonville/O=Network Solutions L.L.C./CN=Network Solutions ECC Certificate Authority",15,"0.0","0.0",tier1,"-0.10"
"/C=US/ST=FL/L=Jacksonville/O=Network Solutions L.L.C./CN=Network Solutions RSA Certificate Authority",24,"0.0","0.0",tier1,"-0.10"
"/C=US/ST=Illinois/L=Chicago/O=Trustwave Holdings, Inc./CN=Trustwave Global Certification Authority",7,"0.0","0.0",tier1,"-0.10"
"/C=US/ST=Illinois/L=Chicago/O=Trustwave Holdings, Inc./CN=Trustwave Global ECC P256 Certification Authority",5,"0.0","0.0",tier1,"-0.10"
"/C=US/ST=Illinois/L=Chicago/O=Trustwave Holdings, Inc./CN=Trustwave Global ECC P384 Certification Authority",5,"0.0","0.0",tier1,"-0.10"
"/C=US/ST=Texas/L=Houston/O=SSL Corporation/CN=SSL.com EV Root Certification Authority ECC",23,"0.0","0.0",tier1,"-0.10"
"/C=US/ST=Texas/L=Houston/O=SSL Corporation/CN=SSL.com EV Root Certification Authority RSA",3,"0.0","0.0",tier1,"-0.10"
"/C=US/ST=UT/L=Salt Lake City/O=The USERTRUST Network/OU=http:\/\/www.usertrust.com/CN=UTN-USERFirst-Client Authentication and Email",7,"0.0","0.0",tier1,"-0.10"
"/C=US/ST=UT/L=Salt Lake City/O=The USERTRUST Network/OU=http:\/\/www.usertrust.com/CN=UTN-USERFirst-Network Applications",27,"0.0","0.0",tier1,"-0.10"
"/C=US/ST=UT/L=Salt Lake City/O=The USERTRUST Network/OU=http:\/\/www.usertrust.com/CN=UTN-USERFirst-Object",12,"0.0","0.0",tier1,"-0.10"
"/C=US/ST=Washington/L=Redmond/O=Microsoft Corporation/CN=Microsoft ECC Product Root Certificate Authority 2018",2,"0.0","0.0",tier1,"-0.10"
"/C=US/ST=Washington/L=Redmond/O=Microsoft Corporation/CN=Microsoft ECC Root Certificate Authority 2017",24,"0.0","0.0",tier1,"-0.10"
"/C=US/ST=Washington/L=Redmond/O=Microsoft Corporation/CN=Microsoft EV ECC Root Certificate Authority 2017",8,"0.0","0.0",tier1,"-0.10"
"/C=US/ST=Washington/L=Redmond/O=Microsoft Corporation/CN=Microsoft EV RSA Root Certificate Authority 2017",7,"0.0","0.0",tier1,"-0.10"
"/C=US/ST=Washington/L=Redmond/O=Microsoft Corporation/CN=Microsoft RSA Root Certificate Authority 2017",144,"0.0","0.0",tier1,"-0.10"
"/C=US/ST=Washington/L=Redmond/O=Microsoft Corporation/CN=Microsoft Root Certificate Authority 2010",198,"0.0","0.0",tier1,"-0.10"
"/C=US/ST=Washington/L=Redmond/O=Microsoft Corporation/CN=Microsoft Root Certificate Authority 2011",102,"0.0","0.0",tier1,"-0.10"
"/C=UY/O=ADMINISTRACION NACIONAL DE CORREOS/OU=SERVICIOS ELECTRONICOS/CN=Correo Uruguayo - Root CA",26,"0.0","0.0",tier1,"-0.10"
"/C=UY/O=ADMINISTRACION NACIONAL DE CORREOS/OU=SERVICIOS ELECTRONICOS/CN=SERVICIOS DE CERTIFICACION - A.N.C./mail=correo_cert@correo.com.uy",9,"0.0","0.0",tier1,"-0.10"
"/C=ZA/O=LAWtrust/OU=LAW Trusted Third Party Services PTY Ltd./CN=LAWtrust Root Certification Authority 2048",7,"0.0","0.0",tier1,"-0.10"
"/C=ZA/ST=Gauteng/L=Johannesburg/O=TrustFactory(Pty)Ltd/OU=TrustFactory PKI Operations/CN=TrustFactory SSL Root Certificate Authority",11,"0.0","0.0",tier1,"-0.10"
"/C=ZA/ST=Western Cape/L=Cape Town/O=Thawte Consulting cc/OU=Certification Services Division/CN=Thawte Premium Server CA/emailAddress=premium-server@thawte.com",282,"0.0","0.0",tier1,"-0.10"
"/C=ZA/ST=Western Cape/L=Cape Town/O=Thawte Consulting/OU=Certification Services Division/CN=Thawte Personal Freemail CA/emailAddress=personal-freemail@thawte.com",5,"0.0","0.0",tier1,"-0.10"
"/C=ZA/ST=Western Cape/L=Durbanville/O=Thawte/OU=Thawte Certification/CN=Thawte Timestamping CA",6,"0.0","0.0",tier1,"-0.10"
"/C=ZA/ST=Western Cape/L=Somerset West/O=South African Post Office Limited/OU=SAPO Trust Centre/CN=SAPO Class 2 Root CA/emailAddress=pkiadmin@trustcentre.co.za",1,"0.0","0.0",tier1,"-0.10"
"/C=ZA/ST=Western Cape/L=Somerset West/O=South African Post Office Limited/OU=SAPO Trust Centre/CN=SAPO Class 3 Root CA/emailAddress=pkiadmin@trustcentre.co.za",50,"0.0","0.0",tier1,"-0.10"
"/C=ZA/ST=Western Cape/L=Somerset West/O=South African Post Office Limited/OU=SAPO Trust Centre/CN=SAPO Class 4 Root CA/emailAddress=pkiadmin@trustcentre.co.za",1,"0.0","0.0",tier1,"-0.10"
"/C=au/O=SecureNet CA Class B",1,"0.0","0.0",tier1,"-0.10"
"/C=ch/O=Swisscom/OU=Digital Certificate Services/CN=Swisscom Root CA 1",42,"0.0","0.0",tier1,"-0.10"
"/C=ch/O=Swisscom/OU=Digital Certificate Services/CN=Swisscom Root CA 2",434,"0.0","0.0",tier1,"-0.10"
"/C=ch/O=Swisscom/OU=Digital Certificate Services/CN=Swisscom Root EV CA 2",8,"0.0","0.0",tier1,"-0.10"
"/C=ch/O=admin/OU=Services/OU=Certification Authorities/CN=Admin-Root-CA",2,"0.0","0.0",tier1,"-0.10"
"/C=es/O=Servicio de Certificacion del Colegio de Registradores (SCR)/OU=Certificado Propio/OU=Certificado Raiz/CN=Certificado de la Clave Principal/street=Principe de Vergara 72 28006 Madrid/emailAddress=scr@registradores.org",1,"0.0","0.0",tier1,"-0.10"
"/C=my/O=TM/OU=TM Applied Business Certification Authority/CN=TM Applied Business Root Certificate",57,"0.0","0.0",tier1,"-0.10"
"/C=si/O=state-institutions/OU=sigen-ca",46,"0.0","0.0",tier1,"-0.10"
"/C=si/O=state-institutions/OU=sigov-ca",152,"0.0","0.0",tier1,"-0.10"
"/C=us/O=U.S. Government/OU=FBCA/CN=Common Policy",31,"0.0","0.0",tier1,"-0.10"
"/C=us/ST=Utah/L=Salt Lake City/O=Digital Signature Trust Co./OU=DSTCA X1/CN=DST RootCA X1/emailAddress=ca@digsigtrust.com",12,"0.0","0.0",tier1,"-0.10"
"/C=us/ST=Utah/L=Salt Lake City/O=Digital Signature Trust Co./OU=DSTCA X2/CN=DST RootCA X2/emailAddress=ca@digsigtrust.com",2,"0.0","0.0",tier1,"-0.10"
"/CN=AC1 RAIZ MTIN/serialNumber=S2819001E/OU=PRESTADOR DE SERVICIOS DE CERTIFICACION MTIN/OU=SUBDIRECCION GENERAL DE PROCESO DE DATOS/O=MINISTERIO DE TRABAJO E INMIGRACION/L=MADRID/C=ES",18,"0.0","0.0",tier1,"-0.10"
"/CN=ACEDICOM Root/OU=PKI/O=EDICOM/C=ES",14,"0.0","0.0",tier1,"-0.10"
"/CN=Apple Root CA - G2/OU=Apple Certification Authority/O=Apple Inc./C=US",1,"0.0","0.0",tier1,"-0.10"
"/CN=Apple Root CA - G3/OU=Apple Certification Authority/O=Apple Inc./C=US",345,"0.0","0.0",tier1,"-0.10"
"/CN=Autoridad Certificadora Ra\xC3\xADz Nacional de Uruguay/O=AGESIC/C=UY",25,"0.0","0.0",tier1,"-0.10"
"/CN=Autoridad de Certificacion Raiz del Estado Venezolano/C=VE/L=Caracas/ST=Distrito Capital/O=Sistema Nacional de Certificacion Electronica/OU=Superintendencia de Servicios de Certificacion Electronica/emailAddress=acraiz@suscerte.gob.ve",53,"0.0","0.0",tier1,"-0.10"
"/CN=CAEDICOM Root/O=EDICOM/C=ES",88,"0.0","0.0",tier1,"-0.10"
"/CN=ComSign CA/O=ComSign/C=IL",10,"0.0","0.0",tier1,"-0.10"
"/CN=ComSign Global Root CA/O=ComSign Ltd./C=IL",23,"0.0","0.0",tier1,"-0.10"
"/CN=Developer ID Certification Authority/OU=Apple Certification Authority/O=Apple Inc./C=US",112,"0.0","0.0",tier1,"-0.10"
"/CN=Digidentity Services Root CA/O=Digidentity B.V./C=NL",1,"0.0","0.0",tier1,"-0.10"
"/CN=EBG Elektronik Sertifika Hizmet Sa\xC4\x9Flay\xC4\xB1c\xC4\xB1s\xC4\xB1/O=EBG Bili\xC5\x9Fim Teknolojileri ve Hizmetleri A.\xC5\x9E./C=TR",20,"0.0","0.0",tier1,"-0.10"
"/CN=SG TRUST SERVICES RACINE/OU=0002 43525289500022/O=SG TRUST SERVICES/C=FR",3,"0.0","0.0",tier1,"-0.10"
"/CN=T\xC3\x9CRKTRUST Elektronik Sertifika Hizmet Sa\xC4\x9Flay\xC4\xB1c\xC4\xB1s\xC4\xB1/C=TR/L=ANKARA/O=(c) 2005 T\xC3\x9CRKTRUST Bilgi \xC4\xB0leti\xC5\x9Fim ve Bili\xC5\x9Fim G\xC3\xBCvenli\xC4\x9Fi Hizmetleri A.\xC5\x9E.",4,"0.0","0.0",tier1,"-0.10"
"/CN=T\xC3\x9CRKTRUST Elektronik Sertifika Hizmet Sa\xC4\x9Flay\xC4\xB1c\xC4\xB1s\xC4\xB1/C=TR/L=Ankara/O=T\xC3\x9CRKTRUST Bilgi \xC4\xB0leti\xC5\x9Fim ve Bili\xC5\x9Fim G\xC3\xBCvenli\xC4\x9Fi Hizmetleri A.\xC5\x9E. (c) Aral\xC4\xB1k 2007",25,"0.0","0.0",tier1,"-0.10"
"/CN=T\xC3\x9CRKTRUST Elektronik Sertifika Hizmet Sa\xC4\x9Flay\xC4\xB1c\xC4\xB1s\xC4\xB1/C=TR/L=Ankara/O=T\xC3\x9CRKTRUST Bilgi \xC4\xB0leti\xC5\x9Fim ve Bili\xC5\x9Fim G\xC3\xBCvenli\xC4\x9Fi Hizmetleri A.\xC5\x9E. (c) Kas\xC4\xB1m 2005",16,"0.0","0.0",tier1,"-0.10"
"/DC=com/DC=microsoft/CN=Microsoft Root Certificate Authority",175,"0.0","0.0",tier1,"-0.10"
"/DC=rs/DC=posta/DC=ca/CN=Configuration/CN=Services/CN=Public Key Services/CN=AIA/CN=Posta CA Root",28,"0.0","0.0",tier1,"-0.10"
"/L=Alvaro Obregon/ST=Distrito Federal/C=MX/postalCode=01030/street=Insurgentes Sur 1940/CN=Autoridad Certificadora Raiz de la Secretaria de Economia/OU=Direccion General de Normatividad Mercantil/O=Secretaria de Economia/emailAddress=acrse@economia.gob.mx",16,"0.0","0.0",tier1,"-0.10"
"/L=ValiCert Validation Network/O=ValiCert, Inc./OU=ValiCert Class 1 Policy Validation Authority/CN=http:\/\/www.valicert.com\//emailAddress=info@valicert.com",21,"0.0","0.0",tier1,"-0.10"
"/L=ValiCert Validation Network/O=ValiCert, Inc./OU=ValiCert Class 2 Policy Validation Authority/CN=http:\/\/www.valicert.com\//emailAddress=info@valicert.com",24,"0.0","0.0",tier1,"-0.10"
"/L=ValiCert Validation Network/O=ValiCert, Inc./OU=ValiCert Class 3 Policy Validation Authority/CN=http:\/\/www.valicert.com\//emailAddress=info@valicert.com",20,"0.0","0.0",tier1,"-0.10"
"/O=Digital Signature Trust Co./CN=DST Root CA X4",1,"0.0","0.0",tier1,"-0.10"
"/O=RSA Security Inc/OU=RSA Security 2048 V3",168,"0.0","0.0",tier1,"-0.10"
"/O=eSign Australia/OU=Gatekeeper PKI/CN=Gatekeeper Root CA",16,"0.0","0.0",tier1,"-0.10"
"/OU=Copyright (c) 1997 Microsoft Corp./OU=Microsoft Corporation/CN=Microsoft Root Authority",45,"0.0","0.0",tier1,"-0.10"
"/OU=GlobalSign ECC Root CA - R4/O=GlobalSign/CN=GlobalSign",175,"0.0","0.0",tier1,"-0.10"
"/emailAddress=contacto@procert.net.ve/L=Chacao/ST=Miranda/OU=Proveedor de Certificados PROCERT/O=Sistema Nacional de Certificacion Electronica/C=VE/CN=PSCProcert",367,"0.0","0.0",tier1,"-0.10"
"/emailAddress=pki@sk.ee/C=EE/O=AS Sertifitseerimiskeskus/CN=Juur-SK",35,"0.0","0.0",tier1,"-0.10"
"/serialNumber=G63287510/C=ES/O=ANF Autoridad de Certificacion/OU=ANF CA Raiz/CN=ANF Secure Server Root CA",5,"0.0","0.0",tier1,"-0.10"
